"ID","NAME","EMAIL","AVTAR","ADDRESS","CITY","COUNTRY"
"1","6GlYjwkxRx3ZqIMY5IrTInuXooowoqKx1phKvL7s","7mb2RcPEi39T@mail.com","lVUw1hKV","R26kaNf3GkNhMRY","RGyu2tOf","gVG88H8G"
"2","F39pt66sBZAQZSKJ9jw6oXrzAYiVDyB8MTD1sTPz","QsXKBnkedFZ1@mail.com","uvC21Qo1","QYdp2M4uE0kAzx3","39ErtySr","zs9aVKNK"
"3","nDSGkW2w70mHIvvD9l7YJvmHB1zX6tkZmAYFo9Ha","TFHfWWf6PhbQ@mail.com","myh6s3qV","muc6s9vcDPPV3gG","jJtU02J3","ICENce8l"
"4","Q6BRCUBUKTu919FjWxQI9gSoQUztsnJ1CygoYP1G","GS52ig80S9yp@mail.com","m0QNL4uY","upT6g0GfzOpmDXz","OPQroDAt","TH4373Ed"
"5","hJOaNljoDAI9YyJnS7yJg8xjtPAb7FfBioKIUCJK","QiwBMaL5Ommp@mail.com","N6f8z3YF","6oBkKWJyxoWxSZy","loaj4I1x","dgyiDC1Q"
"6","CN9W4Zc5jd9VFCognZsod1PGt50tinD3OyhXl5AX","kuw0841wEnY9@mail.com","5HlXrEvO","HI8hV7ufRE6vqQH","VhYgYuig","voG086sj"
"7","7ZKVAEtFy6qC9EYV3WmPQnJ4xP40H7KwT8Z3s4CX","ENofgVEXFPUI@mail.com","hZOmMxcU","kNNUudHY8iQRNYK","ovVd8hIg","9DBBg2TN"
"8","7JpN3PfS2UYdW6VRT7tH9jecseft5kgwUJy2jjsv","78rSui2J7MSX@mail.com","qJP7zgYS","yP3ySQLDEFvyswy","vxchYjNL","q11z8bqe"
"9","Ekush2KqAqo6seJa5RIX4VbqdU22ZU7h5Y9WbzVa","lg7lTjjhkl1w@mail.com","g5HOzMhC","SaCoL700vXMaLOk","eAZdZ1SJ","4ioQ7t4d"
"10","7Hgpbjvb1EAbwiOpI5bkKKCO9bRLimPM2iOsaRvs","riwZzzwVR4M9@mail.com","BZtaG83O","mXkaVH5d4RCK8UN","nDHu6ObM","tqJFQaQP"
"11","oypbZIEu3XfsEqELywuaZEpQpBtyISNHlhcF50UJ","0GSASW4W69wc@mail.com","A1zfSUSm","uDAbeSE5AOUl00X","O17E8Kd0","PXUzEpT6"
"12","ocZs6X2V4DSLUf9uzhRlpqMbfD5aWM6HQUwFzFAq","A21Bm7tjuCwr@mail.com","kip5sTss","ofMj9BVVR17CDze","U35MHJUE","90qBuzRF"
"13","3B5aBiETWWeSouNEL53n7uoK6glwSafS0IKlf5sG","zQvLEKUBXhNg@mail.com","ValZpOzm","zvYMzOuBWfzvIU7","NquHjET8","5lZsFUKA"
"14","6Bwz9ODF4S8TZxGcJU0vDrlVpJ96lYE6HEJ8HXOd","gvHfHZOcgKHE@mail.com","GuD30D9m","c1vnvrSQaX9j6Pv","R6xTtWQ0","cpfeWn9h"
"15","Es6lCmBqJtSnx78AP8ccv0jv8CHeSmzVCoamEzlk","QPOnRm6avDxw@mail.com","CNrfGoZQ","j4STbhYeL54brUO","84cuGk4L","f8mqlXnm"
"16","y48fv4Xj8SkJ0j3Qj5EHXMyKIjPtw8y1ge2NYoB3","B4p3tW1W3pvl@mail.com","mH3soT4n","99inZzuCABQ9IG0","iIztAmsW","7svxr1Zf"
"17","3ifEjKIpwy0RDqdcirnZDwT2yeWEgVguppwvGJbg","wpsqYyGegjBi@mail.com","i07o1uor","x9nxKkvXxskl8Vg","ykjO2iz9","Ttyj6sdN"
"18","G6ZHhJ4CIiXFqTeNxzoj8B6MpFEvifObpc55wm0J","PlhWLKsGZdwO@mail.com","kqYi56pb","fHFJZ3o21bvDdpy","0OeCb0yu","INi1bb4F"
"19","7rnpnOdndgZD3SzaPEGSniYoMC2r2wAwt5YTb4KW","pkiKgp7nxkm1@mail.com","s8loR4tj","B5cdRIBnBUm2uiX","zrS7nA0i","ldN65CCK"
"20","geC8pznLAMts7US4Ly72P4uW5qgcIz2JP4bS29mi","s57MV6i7t8hE@mail.com","yJzR9lde","wzhqYQyPMEYHySb","eb8HNRM4","NyvWzhKG"
"21","EosfovsKq8RaQJJ6LCCAtZ4PXXdFR7XibYYuPppg","rrvNTsC2z2Jc@mail.com","gUCeVW1s","NPiAMUkyYmOKthv","LxXK08xV","U3ZYtgiC"
"22","LYrCXMk3NNYKLVksI5xxyOzYYdgkqGIOxz1rZDC9","8U5dAnIUSyxi@mail.com","EEcFqGOt","nx3dKg555Vrrlkk","q26qL0bZ","v9dDblC7"
"23","UoMiP0tHs6MKZWpknNaz1mqVpQCwlFPNgms4fKYz","57iTZ4mTnwtu@mail.com","MpMQrAvK","cwkV6GpCy73LPli","x6st306A","bDDyTpQ8"
"24","MA4oo9lBdLKzASxC2Ytr3ODa8SrMcAbzNiKvowxo","hVirKATwEx7a@mail.com","54KrFdAS","r3e9XnXMLOM310O","DtDFW3gl","rjplyuyG"
"25","KhLwDXRyCwBPLRgtI5LBoZJaN1Dl8LS806yoz6rM","b1eWlogm6KfX@mail.com","YXfjoxH7","TrGvZ8IozRBYi2L","6Qesv1C1","dLngu3yP"
"26","Omywz8vB2DcRlejBbaAxIOCYbsfVJhZBB5IwRIf8","8C06ssZ69aQC@mail.com","7KhOGUzI","HQ0Wq33Qdnn4rqe","lxEFdmwC","R5johy89"
"27","DpbpZiJC1ZQWBuXmumlPxaeWWGRhHe0FutvDRSlf","PiRNpZHBStvo@mail.com","JiqzpYOG","nJbcUI8afGXjySw","dAX59iCF","63LUQXrG"
"28","BXl601357Gh7DW2F6Rhmojz9188yo3KcUQmsjznK","d7aaVbneFCnn@mail.com","1J20VXFH","ksbbf76YtPmEIUA","o7E9BCui","Qa6DRSna"
"29","pijuzat","fekutixeje@mailinator.com","","Earum suscipit ad et","Ad saepe corporis pa","Consectetur doloribu"
"30","pijuzat","fekutixeje@mailinator.com","","Earum suscipit ad et","Ad saepe corporis pa","Consectetur doloribu"
"31","senilulu","kokelutevi@mailinator.com","","Nam ullam veniam do","Non molestias qui au","Doloribus quia modi"
